{
  "train_loss": [
    0.5840627221089822,
    0.30616852875992107,
    0.21823993873596192,
    0.15914171747697725,
    0.11636481670152259,
    0.08505648240447045,
    0.06261886019335577
  ],
  "dev_loss": [
    0.33722324963410694,
    0.2880393215815226,
    0.2806310366590818,
    0.31386720325549444,
    0.3298919537464778,
    0.38490923261642457,
    0.4377122085094452
  ],
  "dev_acc": [
    0.883,
    0.9025,
    0.90475,
    0.9040833333333333,
    0.9089166666666667,
    0.90075,
    0.90125
  ],
  "dev_f1": [
    0.8822586105504463,
    0.9021660047156894,
    0.9044523303672924,
    0.9036206359080227,
    0.9084799289054548,
    0.9001162868160967,
    0.9010390337897443
  ]
}