{
  "train_loss": [
    1.035440128520683,
    0.7792618403213996,
    0.6518639835781521,
    0.5826165866603454,
    0.5596446249766482,
    0.5312612893106761,
    0.5322450309038438
  ],
  "dev_loss": [
    0.7155786612828573,
    0.728617905775706,
    0.9214407825072607,
    1.1177848678032558,
    1.6383951362371445,
    2.0491459770997364,
    2.403089981396993
  ],
  "dev_acc": [
    0.8481666666666666,
    0.8619166666666667,
    0.86975,
    0.85575,
    0.86925,
    0.8603333333333333,
    0.8664166666666666
  ],
  "dev_f1": [
    0.848629857812763,
    0.8612504312967557,
    0.8690875561398617,
    0.8555691415240355,
    0.8691345276543906,
    0.8599803201832793,
    0.8659977260008209
  ]
}