{
  "train_loss": [
    1.386347158326043,
    1.3856360344356962,
    1.1629048358246132,
    0.401686543252733,
    0.26053725390301813,
    0.1880818478498194,
    0.13306890105594088,
    0.0962833019365315,
    0.06974237693597873,
    0.051973537120002286
  ],
  "dev_loss": [
    1.3855898056030274,
    1.3856596279144286,
    0.5842761103312174,
    0.35879759351412455,
    0.33131536038716636,
    0.3072818656762441,
    0.325612211783727,
    0.3431793287793795,
    0.3599098197221756,
    0.4375652091503143
  ],
  "dev_acc": [
    0.24275,
    0.24283333333333335,
    0.7903333333333333,
    0.883,
    0.8905833333333333,
    0.9013333333333333,
    0.905,
    0.9046666666666666,
    0.9060833333333334,
    0.9005
  ],
  "dev_f1": [
    0.09953524525010991,
    0.09970375740579164,
    0.7900871385467114,
    0.8819551385481322,
    0.8898521668542789,
    0.9008343506881074,
    0.9043274789699235,
    0.9042214641498036,
    0.9059001616381936,
    0.9003911748826778
  ]
}