{
  "train_loss": [
    1.434347561094496,
    1.6251937017087583,
    1.5049483734060216,
    1.587417274404455
  ],
  "dev_loss": [
    1.952330872217814,
    1.4561897188822428,
    1.7197127056121826,
    1.5688867232004802
  ],
  "dev_acc": [
    0.25316666666666665,
    0.2564166666666667,
    0.25916666666666666,
    0.25066666666666665
  ],
  "dev_f1": [
    0.19454005986636044,
    0.24969658839158762,
    0.20510311921603874,
    0.21867467579956365
  ]
}